id	text	user__id	user__screen_name
1156981154727247872	@michellemalkin Momentum is gaining against Google and their leftist ideologies built into their algorithms.	1189425128	JKWCS7
1156981155398336516	RT @gnuman1979: Fireflies are dying out because people are destroying their habitats - USA TODAY https://t.co/rC7IKn0v8i	2509021242	starshiptroopr
1156981152487366658	RT @ShefVaidya: Search Tabrez Ansari on google and see how many pages, how many video links and how many op-Ed‚Äôs come up. Then search Gopal‚Ä¶	356861827	saxenaa14
1156981156253982720	RT @DonaldJTrumpJr: I am so shockedüôÑ Seems Mueller was the only person in America who had no idea this stuff was going on. Liberal Watchd‚Ä¶	2573939444	gary9758
1156981155914223617	RT @3Days3Nights: Nunes just tweeted this. Research the attendees and this Google Camp in Sicily.If Google was partially in US MIL receiv‚Ä¶	17443185	mariamcbean
1156981155607896064	@WeekendInvestng If Google Calc says its 160, I will trust Google üòä https://t.co/GI8WcpO65T	69002207	geordiejob
1156981158174953477	@MissFushiGaming I mean...I assume the Ninja news means Microsoft hopes a bunch more people will start using Mixer...	18711672	coreylosey
1156981158065950721	RT @DonaldJTrumpJr: I am so shockedüôÑ Seems Mueller was the only person in America who had no idea this stuff was going on. Liberal Watchd‚Ä¶	3399869637	rains6944
1156981159089381378	RT @prayingmedic: Former Google Employee Confirms YouTube Manipulated Search Results  https://t.co/fIN4TrGKNd	950269083630620672	LisaOvercomer7
1156981161316536321	burned 684 calories doing 83 minutes of Apple Health App Workout #myfitnesspal	41703914	Adam5SS
1156981160209256448	#Cubs made trades. We talk about those trades along with other baseball and twitter handle related content. Listen, love, subscribe and ratehttps://t.co/kxlcCFkoGx: https://t.co/RWOAgbttgh‚Ä¶Apple: https://t.co/Tspl9iPhoS‚Ä¶Stitcher: https://t.co/mpfUwUkfXJ  #EverybodyIn https://t.co/N2ceky2ewL	92691491	bradrobinson8
1156981162381840385	RT @DonaldJTrumpJr: I am so shockedüôÑ Seems Mueller was the only person in America who had no idea this stuff was going on. Liberal Watchd‚Ä¶	529600847	PittsTracy
1156981163162030080	RT @DonaldJTrumpJr: I am so shockedüôÑ Seems Mueller was the only person in America who had no idea this stuff was going on. Liberal Watchd‚Ä¶	2961911340	AngelSews
1156981163115909123	RT @ByronYork: From @ChuckRossDC 'Liberal Watchdog Group That Targeted Google And Devin Nunes Paid Fusion GPS $140K For Research.' https://‚Ä¶	823030269393457157	Rystalship
1156981162834825216	2 week launch delay for Destiny 2 Shadowkeep. May annoy those that have pre-ordered but otherwise the extent of delay is pretty insignificant. Has no impact on Google Stadia Pro launch as that comes in November.	62039228	PiersHR
1156981163866693638	RT @MarcLelijveld: Beyond excited and super happy to announce that I received my #Microsoft #MVP award today! Thanks @MacawNL, everybody wh‚Ä¶	10010352	aavdberg
1156981164965543936	You may not recognize the name Richard Blevins, but you're definitely familiar with the streamer Ninja. And you're definitely wrong. No f*cking clue who the Hell that is. And, quite honestly, can't even be bothered to go look.	51439053	DBaptistaSilva
1156981165741527042	@Unkn0wnVegan Hey, that was my apple you stole! Poor puppy?  Also, apples should be fed sliced, the seeds are mildly toxic.	1004192521403150337	Vicki92402710
1156981166240665600	RT @afneil: Scores of celebrities and the rich have arrived in Sicily for a Google conference. They came in 114 private jets and a flotilla‚Ä¶	221125308	annasoph_xo
1156981166584598528	burned 684 calories doing 83 minutes of Apple Health App Workout #myfitnesspal #myfitnesspal	41703914	Adam5SS
1156981166462734336	Cool or creepy? Apple and Google phones keep a *very* detailed list of every location you frequent. (Including mode of transportation, how long you stay and how long it took you to get there. ü§®)https://t.co/P009kBnrIx	87599848	_iambrittnee
1156981166551027717	In case anyone is wondering what the web of Epstein looks like https://t.co/I1wTHV62q7	3313495180	lexxeppelin
1156981166869831681	Amazon Prime Video sieht sich nicht in direkter Konkurrenz zu Netflix: ‚ÄûWe have a very unique business in the sense that our entire north star is to entertain and delight Prime customers all over the world‚Äú https://t.co/ovaos3M1Rd	17007292	netzfeuilleton
1156981167381291008	RT @ShafferKutts: Imagine how much iPhone would cost if that Apple was full.	1435729711	Azeemoffficial
1156981168006455298	RT @JesusSunbae: Agust D- 'Agust D 2' Full Mixtape available onSpotify: https://t.co/AJ4Qi0sQmoApple Music: https://t.co/lV4hJddXlpSo‚Ä¶	2869233941	abovtperrie
1156981167738015745	RT @ByronYork: From @ChuckRossDC 'Liberal Watchdog Group That Targeted Google And Devin Nunes Paid Fusion GPS $140K For Research.' https://‚Ä¶	949892366609117184	msmyrnyi
1156981167784173570	Do Discover no Google https://t.co/b24gvs9nDu	1416826760	julioctavares1
1156981168346193920	RT @incorrect_tkpr: (pre soara)Sora: (reading mean comments) Sou: Why are you sad, Sora?Sora: Ah, it's nothing. just reading these comm‚Ä¶	446766878	angelluckovich
1156981169101127681	RT @LadyLondonnn: My first single OUT NOW ! cover art by the AMAZING @JAYDOTSMIFF Produced by the legendary @WhoMurrille  üòàüíã #Woosah‚ù§Ô∏èh‚Ä¶	847250492820406275	phillipwhite123
1156981169587654661	RT @JesusSunbae: Agust D- 'Agust D 2' Full Mixtape available onSpotify: https://t.co/AJ4Qi0sQmoApple Music: https://t.co/lV4hJddXlpSo‚Ä¶	1127661480516751364	Hazel21124553
1156981170069897216	RT @UnitedVoteRed: As Democrats consistently denied there is a crisis at the border, men are trying to purchase children to cross the borde‚Ä¶	1002963072447799296	MarthaNewsom4
1156981169961000961	RT @DVATW: The Google Conference on Climate Change.114 Private jets bringing the globalist elite to Sicily to virtue signal.Their hypocri‚Ä¶	1135154096808353794	MarcusHodson5
1156981169893888002	How Can Microsoft Dynamics GP‚Äôs Accounts Payable Automation Solve Today‚Äôs Problems? https://t.co/BzjJZCvN2n #msdynerp	28581994	erpsoftwareblog
1156981170321539072	RT @itanimeirl: Google knows what i want https://t.co/IcL7i8zlHh https://t.co/dHwREUqWGU	846673560034656261	hyt7_
1156981170451701760	RT @jayybandzz__: I will be sending $850 to the first 700 people to like & retweet this üíõ ( comment  your cashapp , Apple Pay or zelle )	3371365011	curlycheyy
1156981170715803649	South Central Division responding to '41/11R - Burg Res in Progress' at 2100 blk Volga Ave | Beat 726 | 12:30 | https://t.co/8g7gg9Gthu	2858188611	dpdincidents
1156981171374284800	RT @TrendsAlluArjun: Stylish Star @alluarjun tops the list of Most Searched Tollywood Actors on Google in the past 12 months , 5 years and‚Ä¶	1012746041697828865	Bunny_Vinay2610
1156981171575767040	RT @MrDiddy85: I wonder if the Globalists will be flying their Private Jet's to the Google Camp Climate Change conference in Italy? Yet the‚Ä¶	1049282352	davidgallegossr
1156981171479355392	RT @ali: I don‚Äôt support Tulsi Gabbard.But I can explain why some in MAGA do. It‚Äôs her foreign policy which is not where she and I align.‚Ä¶	2161982942	gutzsant
1156981171852587008	Exclusive: Top US Navy SEAL tells commanders in letter: 'We have a problem' - CNN Politics https://t.co/03wIq7IYD9	64791252	pepperbites
1156981172221751298	RT @RyanRuocco: You know what Thursday means!!! @R2C2. @SimplyAJ10 & @CameronMaybin were stupendous guests on The Shift. Make sure to wish‚Ä¶	3298204218	tsloop8324
1156981172192215040	RT @MarkLee_Bar: #NCT #ÎßàÌÅ¨ #MARK #HAPPYMARKLEEDAY#Ïö∞Î¶¨Ïùò_galaxy_ÎßàÌÅ¨_ÏÉùÏùºÏ∂ïÌïòÌï¥ We designed some pictures which can be used as DIY cellphone sticke‚Ä¶	1143550735545597952	markleesgetit
1156981172494188544	RT @Jen2Gain: How many followers do you want?üçé1K RT =1K Followersüçéüçè2K RT =2K Followersüçèüçé3K RT =3K Followersüçéüçè4K RT =4K Followersüçè‚Ä¶	1113817319229284352	TMohan26323488
1156981172725063680	RT @cristinagargoyL: Read this and please, forget about Tulsi. The lessons we've learned regarding interference are plain to see if you jus‚Ä¶	12367152	panfrieda
1156981173035393024	I just found this app which gives away free gift cards (for example iTunes, Amazon, Playstation, VISA): https://t.co/uWrXL0B84X You can use my code to get a free bonus: wamvxd976	1156533621513162753	OmarEssale
1156981173727440901	Google introduces App + Web for unified reporting in Google Analytics https://t.co/gnYM5Tr3rL #SPSdigital #Marketing	4908683860	sps_affinity
1156981173685407745	RT @cjtruth: 27) Google Unfairly Influenced the 2016 Election in Hillary‚Äôs Favor by Millions of Votes - July 17, 2017 https://t.co/d3gAET‚Ä¶	269494264	wolv1000
1156981174021099521	RT @Ib_EyeBee: => Organizational skill=> A good team player => Microsoft Office=> Human Resource Management Training (HRM) => Health, S‚Ä¶	715081444	mizz_oluwakemi
1156981173987553280	RT @prayingmedic: Former Google Employee Confirms YouTube Manipulated Search Results  https://t.co/fIN4TrGKNd	798515009441632256	Charlot77594129
1156981174646034433	SCIENTISTS AND MINERS TEAM UP TO PRESERVE OPALIZED FOSSILS An ambitious collaboration between paleontologists and a local mining community seeks to conserve the rare fossilized remainsRead in Smithsonian Magazine üëá https://t.co/7uvQEcSUmK	1638907975	MidasIdaho
1156981173983305730	Google Search gets freshers featured¬†snippets https://t.co/KWK9pbNARy https://t.co/WJjrbEqzp8	2940735565	objectivepress
1156981177061916672	The key messages Carney & Co are sending Johnson and Javid - Sky News https://t.co/arLQxdAdDg	4054643129	MY21_Oracle
1156981177657413633	RT @RV_DoubleS: üéß üé∂ #TheOnly_IRENExRaiden Apple Musichttps://t.co/59g1J8LZhSSpotifyhttps://t.co/arqRTv9g60üò≠üò≠üò≠üò≠üò≠üò≠üò≠üò≠üò≠üò≠üò≠üò≠üò≠ https://t.co/‚Ä¶	1128026672677044224	minitato39
1156981178391568384	This is another small step in their journey of 1000 miles but they're picking up the pace.--> Google Assistant Comes to DISH TV ‚Äì What this Means for Search via @martinibuster --> https://t.co/IQkucO7fk3#VoiceSearch #SEO https://t.co/3sBc7z6PDb	15101041	beanstalkim
1156981179381407745	It's amazing how many Safari tabs I can open when trying to Google a specific programming tip	902887596862435329	0xA1EC
1156981179926507520	Our research team investigated object retrieval times from regional buckets with Google Cloud Storage and AWS S3.The result?Google Cloud Functions‚Äô reusable connection insertion makes Cloud Storage requests more than four times faster than S3.https://t.co/dUDnx0VGfm	1153795141930381312	LightStepLabs
1156981180702580738	It‚Äôs all of the LITTLE people who are responsible for climate change.üå¶#GoogleSummit #ClimateCrisis #ClimateChangehttps://t.co/E0sJOQ64u3	316188153	wilcoxkw
1156981181151236096	Have you checked out the Storm Play app? It‚Äôs a fun and easy way to earn cryptocurrency right from your phone. Sign up with my referral code and you will get 6000 Bolts when you try it! My code is 7ZTGORKZ. https://t.co/wbJoY4EHHD	1118164754	AlexandriaPDX
1156981180903886848	RT @TrinityLanee: Y‚Äôall really say anything on twitter. Orange juice is way better than apple juice.	56528541	Im_aSuperhero
1156981181281259520	Trudeau's top advisor accused Indian PM of trying to 'screw' Liberals during 2018 trip: book excerpt - National PostBrought to you by the #boughtandpaidfor #FakeNews media #TrudeauMustGo  https://t.co/CZ6VLUY4W1	718291835907620864	gcgrah1
1156981181600153600	RT @edutopia: Just in time for back-to-school planning, a list of extensions to improve your students' Google Chrome experience. üôåüèΩhttps:/‚Ä¶	2186796682	ehurst_gifted
1156981181948125184	RT @AppleMusic: .@majidjordan and @thegreatkhalid‚Äôs collab #CaughtUp will have you in your feelings.https://t.co/fKMUUyMhsP	2561115685	PrincessJeselle
1156981183235973125	RETRO KNIGHT! A giant action/rpg for iOS! Download now! https://t.co/CuUBSKNcdq #indiegame #gamedev #indiedev #pixelart #pixel #indievideogames #retro #ios #indiegames #videogames #apple #ios #indiegamedev	750763458719653888	scpwords
1156981183294726144	@Spartacussin receipts https://t.co/E5x7i8DDlL	1070200402497454080	homer901
1156981182933938181	RT @ShefVaidya: Search Tabrez Ansari on google and see how many pages, how many video links and how many op-Ed‚Äôs come up. Then search Gopal‚Ä¶	242457166	rathimukunda
1156981184544403458	Check out @HDIKY1 newest episode on #Spotify & #Itunes right now!! Spotify: https://t.co/MjBvvwFKQbItunes: https://t.co/h7lkg9aWAy#ThursdayMotivation #ThursdayThoughts  #Podcast #JoeBuddenPodcast #Joerogan #LongBeach #Northside	1041248576205074432	HDIKY1
1156981184703819776	RT @honeyrosie: @MidwinCharles @benFranklin2018 @kylegriffin1 Flaunting court https://t.co/ugT9fbzc5F‚Äôs on us 2 @RefuseFascism #TrumpPenceM‚Ä¶	2808026929	curtisjohnson70
1156981185588924416	RT @GovMikeHuckabee: 114 private jets fly celebs to resort in Sicily for Google confab on ‚Äúclimate change‚Äù & lecture us for having a car. W‚Ä¶	3604337897	ljsut51
1156981185580376064	RT @NiniChurch: #TazReynolds   #PreorderRomance suspense with a twist of magic...https://t.co/86qrZYv538https://t.co/gRsuddIsoo#Char‚Ä¶	30011458	barbiesway
1156981185874190337	Its sad that there is no #microsoft edge representaion in the #angular world.  How far microsoft has fallen...  basically the community is just ignoring the browser altogether.	9696512	webdad3
1156981186679443456	RT @CapitolShill: ICE has been caught selling migrant children to human traffickers - and they were doing it long before Trump was elected.‚Ä¶	716591797	Alamin1329
1156981186595610630	RT @bts_bighit: Agust D - 'Agust D' Full Mixtape DownloadGoogle:https://t.co/Zc8Lapequ1Mediafire:https://t.co/WUigHDZA8aDropbox:https://‚Ä¶	743454693330948097	PHANTAstar
1156981189099556864	RT @DevinNunes: Climate activist celebrities arrive at 'Google Camp' by yachts, helicopters, and private jets https://t.co/u4JW4Vx2Yl	870468896255385601	IrmaBel53130008
1156981189430992897	RT @KyleDHester: THE CHAIR! Watch it tonight.I played a sadistic prison guard opposite RODDY PIPER!https://t.co/XBwgTqmCjMClick the lin‚Ä¶	912068689918402560	jaeelbooks
1156981190534017024	Is @Twitter fucking w/ #Tulsi, like #Google did?Tulsi Gabbard DESTROYED DNC Crony Kamala Harris' Campaign in Two Minutes https://t.co/wO7saymDly via @YouTube	217044098	mkj1951
1156981191729471493	iPhoneAddict : CBS All Access est disponible sur Apple TV Channels #AppleTV #AppleTVChannels #ApplicationAppleTV #CBS #SVOD https://t.co/CLUGVx8DWf	934477507	iTrackr_fr
1156981191792320517	RT @Jen2Gain: How many followers do you want?üçé1K RT =1K Followersüçéüçè2K RT =2K Followersüçèüçé3K RT =3K Followersüçéüçè4K RT =4K Followersüçè‚Ä¶	1107278663207342080	MobolajiFashina
1156981192543080450	RT @kosmicminjoon: google maps: ‚Äú12 minute walk‚Äùyoonmo (gay, caffeinated): ‚Äú8 minute walk‚Äù https://t.co/HRS3jLTox8	1083388286473826305	yundior
1156981192585109506	RT @NeedwestIII: On the phone with Apple support. This lil freak couldn‚Äôt wait and just started gobbling up my dick. I did what anyone wo‚Ä¶	1156262316226371588	visegripazz
1156981192933158913	@JoyAnnReid @senatemajldr You could use google and find out that his wife inherited money.	61501088	tomburkart
1156981192870117376	RT @DonaldJTrumpJr: I am so shockedüôÑ Seems Mueller was the only person in America who had no idea this stuff was going on. Liberal Watchd‚Ä¶	958815430470025216	tomsuperkat
1156981179343486976	someone send me some money through Apple Pay üòÇ https://t.co/d9IyaJtQcS	1156724075068137472	mariah128441551
1156981194690650112	RT @stephentotilo: Well, here's a Microsoft gaming exclusive I didn't see coming. https://t.co/VVnTnEVyzI	3165588072	waterboy4hire
1156981178412306432	RT @QuizIsDope: üå¥üåäüå¥üåä NEW MUSIC!!!  ‚ÄúLife I Live‚Äù ft. @Airplane354 & @thatgoldbeard https://t.co/rGuUlOzyki https://t.co/ubnAJSDZkF	3090004464	westwest_AJ
1156981196955496448	RT @SaraCarterDC: Liberal Watchdog Group That Targeted Google And Devin Nunes Paid Fusion GPS $140K For Research | The Daily Caller https:/‚Ä¶	1056187323145207808	MikeCom88381702
1156981197043576834	RT @DonaldJTrumpJr: I am so shockedüôÑ Seems Mueller was the only person in America who had no idea this stuff was going on. Liberal Watchd‚Ä¶	1116308578942500864	Christy28356832
1156981196930203649	RT @prayingmedic: Since our battle is not against other people but against evil spiritual forces, it may be a good idea for believers to co‚Ä¶	35932187	melissaharder
1156981198406770688	Senator Ted Cruz remarks at Hearing - Testifying to Google Censorship and Social Media Bias https://t.co/TwjJ43EsCl	2471583710	catholicnews1
1156981198071181313	RT @GiveawayKingg: Sorry guys for being inactive lately, I've been really busy contacting some of my most active followers and rewarding th‚Ä¶	1055579786335129601	MacconyGH
1156981198478069761	RT @FernandoDecoud: üçéFollow everyone who retweet and like this tweet!Reply ""Apple"" and follow whoever likes your reply100% Followback!üçè	440322007	Kamomh
1156981199648239616	RT @JesusSunbae: Agust D- 'Agust D 2' Full Mixtape available onSpotify: https://t.co/AJ4Qi0sQmoApple Music: https://t.co/lV4hJddXlpSo‚Ä¶	1146389397081939968	nekoriru
1156981199614566401	RT @kosmicminjoon: google maps: ‚Äú12 minute walk‚Äùyoonmo (gay, caffeinated): ‚Äú8 minute walk‚Äù https://t.co/HRS3jLTox8	2383120452	istgslaykids
1156981199820054528	Apple‚Äôs Q3 2019 earnings, Apple Card coming soon, your hot takes, and more https://t.co/AUFbzHKASN	544847306	rapmno
1156981200767967232	RT @afneil: Scores of celebrities and the rich have arrived in Sicily for a Google conference. They came in 114 private jets and a flotilla‚Ä¶	1135991239	mustafahamdard1
1156981200705114112	rt if you remember when apple was a FRUIT, kids played OUTSIDE not on their ipads, and decomposing victims of the BUBONIC plague LITTERED the STREETS	1131440193171468288	pukintxt
1156981201074348032	RT @TheBigOldDog: Liberal ""Watchdog"" Group That Targeted Google And Devin Nunes Paid Fusion GPS $140K For Research  https://t.co/ZcFLnGYazk	3399869637	rains6944
1156981202701750273	@ChaimShapiro There's a massive incumbency advantage for each network in it's speciality.  Google+ was a ""better"" Facebook but most normal people don't need a new Facebook. #twittersmarter	2467929380	StonehamPress
1156981202764439552	RT @auctus177: Almost forgot this one; The final 'pose' of Emi's Yoga entry, however its animated \o/Enjoy the better quality animations‚Ä¶	1033152508502269952	AnuTheQuiet
1156981203741884417	@Ghostly914 @Xbox @WatchMixer @Ninja microsoft owns mixer and xbox	4845190707	msosaad
1156981203976802304	A3: I use: Google Calendar to capture what's upcoming.HubSpot Projects to assign tasks and project manage (or even just take notes regarding a project on which I'm working). #seochat	28158036	MKandtheCity
1156981204006162433	The GOP are robbing and bankrupting us. ...Senate gives final passage to budget increasing military spending and deficit - NBC News https://t.co/ioHuuLpQLQ	3956599522	davebing69
1156981204161314816	RT @TEEZYxx: ""1st"" BY TEEZY IS OFFICIALLY OUT NOW‚ùóÔ∏èApple Music & SPOTIFY LINK COMING SOONüíØ ITS TEEZY SZNüòà¬†https://t.co/EOMzc1wNYV	624765229	TEEZYxx
1156981204429737984	Google vous stalk	1000309826151469057	liffye
1156981204836655107	RT @WABLHat: Liberal Watchdog Group That Targeted Google And Devin Nunes Paid Fusion GPS $140K For Research https://t.co/7F2QNRzHqc via @da‚Ä¶	711338816582324224	Glorie67274977
1156981206082359297	RT @michaeldweiss: And then used images of the devastation wrought by Assad‚Äôs side in the war to blame... the United States. https://t.co/k‚Ä¶	290704219	azakharov82
1156981206883295232	RT @SayNoToRage: Think of the potential for @ninja on @WatchMixer Microsoft‚Äôs new console and a new Halo.Ninja can become the face of a‚Ä¶	14940233	SunDevil56
1156981207739113474	Senator Ted Cruz remarks at Hearing - Testifying to Google Censorship and Social Media Bias https://t.co/f05ZFbNBK2	158930065	JESUSCARITASEST
1156981207546155009	@jermlikespie @Apple @AppleSupport Oh my god, I'm not the only one!!	16918543	barrettlane
1156981207780904960	@JohnFCa51370029 @Riceball_and_Me @AlisonKery LOL what? I asked, its simple question, if need help, I am sure you can google the terms, the differences between them and ""Navy base branch"" is not a branch.	4848160752	Shamusroan13
1156981208364003330	A TOASTED pb&j with apple jelly. LISTEN.	41226558	HunniB_Rose
1156981209433563136	RT @afbranco: Climate activist celebrities arrive at 'Google Camp' by yachts, helicopters, and private jets  https://t.co/GIqUDiit6g https:‚Ä¶	1902594594	jdfkaf
1156981209198518274	RT @munster_gene: Every six months we ask the leading digital assistants (Siri, Alexa, Google Assistant) 800 questions each to benchmark th‚Ä¶	572463801	WRGerman
1156981209068638208	RT @Blackboxtrends: Liberal Watchdog Group That Targeted Google And Devin Nunes Paid Fusion GPS $140K For Research https://t.co/If7467K3Gl‚Ä¶	3399869637	rains6944
1156981209307611137	RT @MY_btsarmy: <2019 SORIBADA AWARDS>Popularity ‚Äî #1Bongsang ‚Äî #10 üò•Tutorial:https://t.co/RDBvUd6B3M11 days until the voting end.‚Ä¶	798884703587553280	AdityaSub33
1156981209572003840	@juacrumar I have an app that extract the info from Apple health in csv. Is it that you are looking?	81096208	FotonAcelerado
1156981210020798465	My top 25 most played on Apple Music is really fucking funny	716444284535308288	briibri123
1156981210477993984	RT @Jen2Gain: How many followers do you want?üçé1K RT =1K Followersüçéüçè2K RT =2K Followersüçèüçé3K RT =3K Followersüçéüçè4K RT =4K Followersüçè‚Ä¶	440322007	Kamomh
1156981210737856515	RT @webdad3: Its sad that there is no #microsoft edge representaion in the #angular world.  How far microsoft has fallen...  basically th‚Ä¶	1150118179990933504	angular_cheer
1156981211144699904	RT @princesssnia_: I will be sending the first 1000 people that like and retweet this $1800 through cashapp & apple pay üñ§ https://t.co/tlRg‚Ä¶	3248196362	evascrocs
1156981211358814209	https://t.co/Ln6IR2ZYfL get on it.ü§ßü•µ	4551957373	bannhann_
1156981211220197376	RT @DevinNunes: Climate activist celebrities arrive at 'Google Camp' by yachts, helicopters, and private jets https://t.co/u4JW4Vx2Yl	143088640	brooke490
1156981211450896384	RT @LastStand2019: Kevin Cernekee is one of a handful of employees (or in his case, a former employee) who is bravely speaking out about th‚Ä¶	67456959	pandrews122
1156981212264710144	RT @hsdaily: Harry with Jeff Azoff and Ben Winston at Google Camp 2019 in Sicily, Italy - July 29 (via phfrancescocraparo) https://t.co/XL6‚Ä¶	1153052848554500096	solangecadus91
1156981207332216833	Apple iPhone Xs Max, 256GB + 4GB (Dual SIM)Gold.KSh¬†155,000https://t.co/eKQ3406u2j https://t.co/WXg1fLb3lb	1016795275019669504	1nzioka
1156981213141147648	RT @KingLRG_: me: *deletes a number*apple: ‚Äúmaybe....‚Äùme: https://t.co/SHqh5dOPcS	2577205771	dm_cruz671
1156981214038941697	RT @afneil: Scores of celebrities and the rich have arrived in Sicily for a Google conference. They came in 114 private jets and a flotilla‚Ä¶	2479961106	twitchyAlan
1156981214596816896	RT @_PowerOfEXOLs: üé∂üé∂üé∂ EXOL STREAM PARTY üé∂üé∂üé∂Spotify Playlist - https://t.co/UcJUrM9uGmYouTube Playlist - https://t.co/YGkRNg3cVXApple‚Ä¶	1143842897130938368	Sehunwifes4
1156981214445735936	@sapphiregjc google set up the equation differently when i typed it in so it depends on how you do it ig, but i wouldn‚Äôt be surprised the usa does a lot wrong https://t.co/fvbX0ivonJ	1128700717001109504	loneyee
1156981216337432576	RT @DevinNunes: Climate activist celebrities arrive at 'Google Camp' by yachts, helicopters, and private jets https://t.co/u4JW4Vx2Yl	4787265961	sparkysrodshop
1156981215280488448	ü•äFull Bio Available here!https://t.co/dDqjJGyx8e https://t.co/CDV4zgR6QB	1155309641775177728	BrawlerTifa
1156981216106569728	yoongi stans for the entire month https://t.co/CfqkVzEGAe	1962300402	PR0DUCERMYG
1156981217117507584	RT @Irakirih: Mitsuki's Google search:My kid is a dumbass how do you shove him back into your wombMy kid is gay how do you make him mar‚Ä¶	156686636	ariririsu
1156981216647815168	Google launches new algorithm to better understand useful & timely information https://t.co/ILIFmb0KKZ	3279523524	SEOArpitBhargav
1156981217448923136	RT @GovMikeHuckabee: 114 private jets fly celebs to resort in Sicily for Google confab on ‚Äúclimate change‚Äù & lecture us for having a car. W‚Ä¶	458849957	MargeryRich
1156981217415303168	RT @WWG_1WGA_: Liberal Watchdog Group That Targeted Google And @DevinNunes Paid Fusion GPS $140K For Researchhttps://t.co/DNwUGwIGlQ	3399869637	rains6944
1156981217142722560	My buddy @BCJackson9 and I killed an entire bottle of vodka trying to get through this version of The Shining in one sitting.My advice? Watch it with someone you can make fun of it with.... It makes the experience 10x better!	115241699	tyliston
1156981217872502784	@CarverAdam *starts apple notes titled ‚Äòfuture slogans for tees‚Äô*	110753603	nathanieljhall
1156981219701272577	Rex Lawson: Decades of highlife reverberation #nigeriannews https://t.co/vTzg26RXxX	62138549	nigerdeltaforum
1156981218983993344	RT @skisidjames: Britain is ramping up preparations for a no-deal Brexit by spending an extra 2.1 billion pounds to make sure the country i‚Ä¶	737616514669383680	drumsolo1950
1156981218665275393	This is a great thread. #QANON	870593934820552704	JABBERSBFOL
1156981220128915456	6. Apple cider vinegar. Mix 4 tbsp of distilled water with 2 tbsp of apple cider vinegar. Dip a cotton ball into the mixture and carefully dab your scar. Let it dry  overnight and wash it off in the morning. Do this every night	1095031343598100480	selfcareonly
1156981220720467970	RT @jayybandzz__: I will be sending $850 to the first 700 people to like & retweet this üíõ ( comment  your cashapp , Apple Pay or zelle )	4880925491	leekgohard
1156981221462691840	RT @MarkLee_Bar: #NCT #ÎßàÌÅ¨ #MARK #HAPPYMARKLEEDAY#Ïö∞Î¶¨Ïùò_galaxy_ÎßàÌÅ¨_ÏÉùÏùºÏ∂ïÌïòÌï¥ We designed some pictures which can be used as DIY cellphone sticke‚Ä¶	3728508794	kkdyyyy
1156981221638823941	RT @jockowillink: 188 is up with @davidrberke as we continue discussions of leadership, war, and life as it pertains to MCDP 1-3 TACTICS.‚Ä¶	968522361204019200	fefeeennneeeyyy
1156981221710356481	I entered @Chippendales' Pick Your Prize Giveaway to win a $500 #SEPHORA, #Apple, or #Amazon gift card! Enter: https://t.co/8agjYHDHDk#giveaway #contest #drawing #win	721069024595943424	tabbycatjo
1156981221928230913	RT @DonaldJTrumpJr: I am so shockedüôÑ Seems Mueller was the only person in America who had no idea this stuff was going on. Liberal Watchd‚Ä¶	844927825	AlecBjornsen
1156981222037323777	‚Å¶@NahNotFeelinIt‚Å© Did you read the ‚Äòstatements‚Äô the civilians were supposed to have made in promo vid? They wipe the sweat off soldiers faces and use niceties like, handsome, helpful. Yeah, what we all strive for. ü•æ  https://t.co/VYmzEy4jPv	962325982999805952	whatev69037263
1156981222377234433	Back to May?                            Trump says US will impose 10% tariffs on $300 billion of Chinese goods starting September 1 @CNBC  https://t.co/UFOfLuwSGm	178911828	nxarria
1156981222796644352	Is it Jim Elop of Stephen Zemlin? Is it Jim Elop of Stephen Zemlin? https://t.co/Jc848zPPrr https://t.co/Jc848zPPrr ... https://t.co/pa39TVxiLL	26603208	schestowitz
1156981223362838528	Labour crisis as voters say party should dump Jeremy Corbyn before the next general election - Evening StandardThey need to dump him now.  https://t.co/nDcrzpvpXr	823291416080240641	Barry4EU
1156981223773765632	RT @MarkLee_Bar: #NCT #ÎßàÌÅ¨ #MARK #HAPPYMARKLEEDAY#Ïö∞Î¶¨Ïùò_galaxy_ÎßàÌÅ¨_ÏÉùÏùºÏ∂ïÌïòÌï¥ We designed some pictures which can be used as DIY cellphone sticke‚Ä¶	949153553397907456	Byunsavina
1156981223861997568	RT @DonaldJTrumpJr: I am so shockedüôÑ Seems Mueller was the only person in America who had no idea this stuff was going on. Liberal Watchd‚Ä¶	2262620679	DaneforTrump
1156981223941660672	What an awesome trending music game! Very funny, exicting, and challenge!Check it Out! üëâTiles Hopüëà #TilesHop #Playing #Free #Music #Game #Awesome #Fun #Trending #Trend #Amanotes https://t.co/8fwPgCnQ9v	822533188056707072	GRIZZLLY77
1156981223329132544	You're the apple to my https://t.co/NfSlJmDLfy're my straw to my berry..Youre the one  for me.And Im the one for you.Were the perfect two.#PBB8KiligSHOIYEN https://t.co/e0651MQBeB	1141916199510368256	ContemploKyle
1156981224264482816	RT @DevinNunes: Climate activist celebrities arrive at 'Google Camp' by yachts, helicopters, and private jets https://t.co/u4JW4Vx2Yl	814072262093459457	ScaryGary111
1156981225275346944	RT @blushchalamet: happy birthday to this bubble gum dumb dumb skin tone chicken bone google chrome no homo flip phone ice cream cone garde‚Ä¶	959642521927208960	Jiai_N8
1156981225791336454	Now playing ROYAL BOY DUKE - MOMMA TOLD ME dl the app google play & ios be apart of the movement also TUNE IN LIVE FRI & SAT 8PM -12AM	844154323949047808	WwuRadio
1156981225992548352	RT @MikeFeibus: Are you ready for life in the post-#privacy era? Don't miss my latest 'Privacy Now' interview with @StanfordGSB prof @micha‚Ä¶	1156977633424363520	trishedevg5
1156981226290503680	RT @DonaldJTrumpJr: I am so shockedüôÑ Seems Mueller was the only person in America who had no idea this stuff was going on. Liberal Watchd‚Ä¶	930844276501729280	jenniferglassm2
1156981226533769223	RT @MashableDeals: Help land your next big break by upping your Microsoft skillshttps://t.co/ZlgFJ7yqUA	993768382792073216	Michael88Brown
1156981227481681920	#RT @carlsawatzky: Google extends same-meaning close variants to phrase match, broad match modifiers https://t.co/KjMVPCVRGL https://t.co/1wFYSqzzWB	3890801717	PwrPlayMktg
1156981228421165056	#Google core updates #SEO #updates	53014600	eYordanov
1156981230040223744	@realhomerhickam @HitchhikerMan You inspired my kids to follow their dreams, & I am proud to say they did. My daughter is a Geologist & my son is a Language Developer Engineerfor Microsoft.You truly are my Hero. ‚ô•Ô∏è@realhomerhickam	615623235	Debearaly
1156981229981331457	RT @winstonCovfefe: Climate supremacists arrive at 'Google Camp' by yachts,helicopters & private jets.--100 tons of CO2 could be expelled‚Ä¶	1066483264557244416	ro68159236
1156981229817880577	RT @GovMikeHuckabee: 114 private jets fly celebs to resort in Sicily for Google confab on ‚Äúclimate change‚Äù & lecture us for having a car. W‚Ä¶	4637905042	LifeatRavnRidge
1156981230342033408	Honestly https://t.co/PqBthrUi6F	140175062	StayGoldLeo
1156981231235604480	@Jen2Gain Apple	1107278663207342080	MobolajiFashina
1156981231583715328	@wangbbaess i love mine. and in my opinion they definitely do sound better than just regular apple earphones.	1133207648038510592	jae_def
1156981232036646912	RT @DevinNunes: Climate activist celebrities arrive at 'Google Camp' by yachts, helicopters, and private jets https://t.co/u4JW4Vx2Yl	955160503118163968	kimEPP33
1156981236952436742	Get awesome #Steelers discussion on the @TheDonutBag !Stitcher: https://t.co/aUN0Al7QdXApple: https://t.co/zX4Pa6GWcJSpotify: https://t.co/rPNu8P4gfoListen Notes: https://t.co/eporENuSg6IHeartRadio: https://t.co/SfjbSeIB6iTuneIn: https://t.co/FMWH6YSSLn	21822002	joeybagovdonuts
1156981237120208897	World famous celebrities take more than 100 private jets to Google-hosted climate change summit https://t.co/dUb2LIucmn	4644660315	PattyHamilton19
1156981237841424384	RT @MarkLee_Bar: #NCT #ÎßàÌÅ¨ #MARK #HAPPYMARKLEEDAY#Ïö∞Î¶¨Ïùò_galaxy_ÎßàÌÅ¨_ÏÉùÏùºÏ∂ïÌïòÌï¥ We designed some pictures which can be used as DIY cellphone sticke‚Ä¶	769412423816060928	isurephoonx
1156981237648711680	‚ÄúNeed Your Love‚Äù streams currently sit at:2,029 (SoundCloud)721 (Spotify)340 (Apple Music)178 (YouTube) That‚Äôs a total of 3,277 streams not including other platforms. A 1,913 difference since the last update üíØ	312903044	LaTajOfficial
1156981238462369792	Big Alcohol is pouring billions into weed drinks, but does anybody want it? - The Verge https://t.co/qpYSGpsox4	32359357	macmurph
1156981238995017729	RT @SwiftOnSecurity: This is so embarrassingly stupid it wraps around and is actually good.https://t.co/wKWIDgVJTq	243314651	kagenekoUA
